community,channel,headline,primary_text,cta,url,targeting
Palm Jumeirah,Meta,What's your Palm Jumeirah villa worth?,"Palm Jumeirah villa owners: get a confidential, written valuation of your villa within 24 hours from Mark Darsy, Dubai villa specialist with AED 200M+ in transactions. No listing, no obligation.",Get quote,https://dubaipalmresale.com/dubai-villa-valuation/palm-jumeirah/,"Ages 35+, people living in or near Palm Jumeirah, interests: luxury real estate, Dubai property; exclude real estate agents"
Palm Jumeirah,Google Search,Palm Jumeirah | Free Villa Valuation | Written Value in 24 Hours,Own a villa in Palm Jumeirah? Get a confidential written valuation. | AED 200M+ in transactions. Request yours on WhatsApp today.,Request valuation,https://dubaipalmresale.com/dubai-villa-valuation/palm-jumeirah/,Keywords: sell villa palm jumeirah; palm jumeirah villa valuation; palm jumeirah villa price; how much is my villa worth palm jumeirah
District One,Meta,What's your District One villa worth?,"District One villa owners: get a confidential, written valuation of your villa within 24 hours from Mark Darsy, Dubai villa specialist with AED 200M+ in transactions. No listing, no obligation.",Get quote,https://dubaipalmresale.com/dubai-villa-valuation/district-one/,"Ages 35+, people living in or near District One, interests: luxury real estate, Dubai property; exclude real estate agents"
District One,Google Search,District One | Free Villa Valuation | Written Value in 24 Hours,Own a villa in District One? Get a confidential written valuation. | AED 200M+ in transactions. Request yours on WhatsApp today.,Request valuation,https://dubaipalmresale.com/dubai-villa-valuation/district-one/,Keywords: sell villa district one; district one villa valuation; district one villa price; how much is my villa worth district one
Opal Gardens,Meta,What's your Opal Gardens villa worth?,"Opal Gardens villa owners: get a confidential, written valuation of your villa within 24 hours from Mark Darsy, Dubai villa specialist with AED 200M+ in transactions. No listing, no obligation.",Get quote,https://dubaipalmresale.com/dubai-villa-valuation/opal-gardens/,"Ages 35+, people living in or near Opal Gardens, interests: luxury real estate, Dubai property; exclude real estate agents"
Opal Gardens,Google Search,Opal Gardens | Free Villa Valuation | Written Value in 24 Hours,Own a villa in Opal Gardens? Get a confidential written valuation. | AED 200M+ in transactions. Request yours on WhatsApp today.,Request valuation,https://dubaipalmresale.com/dubai-villa-valuation/opal-gardens/,Keywords: sell villa opal gardens; opal gardens villa valuation; opal gardens villa price; how much is my villa worth opal gardens
Nad Al Sheba Gardens,Meta,What's your Nad Al Sheba Gardens villa worth?,"Nad Al Sheba Gardens villa owners: get a confidential, written valuation of your villa within 24 hours from Mark Darsy, Dubai villa specialist with AED 200M+ in transactions. No listing, no obligation.",Get quote,https://dubaipalmresale.com/dubai-villa-valuation/nad-al-sheba-gardens/,"Ages 35+, people living in or near Nad Al Sheba Gardens, interests: luxury real estate, Dubai property; exclude real estate agents"
Nad Al Sheba Gardens,Google Search,Nad Al Sheba Gardens | Free Villa Valuation | Written Value in 24 Hours,Own a villa in Nad Al Sheba Gardens? Get a confidential written valuation. | AED 200M+ in transactions. Request yours on WhatsApp today.,Request valuation,https://dubaipalmresale.com/dubai-villa-valuation/nad-al-sheba-gardens/,Keywords: sell villa nad al sheba gardens; nad al sheba gardens villa valuation; nad al sheba gardens villa price; how much is my villa worth nad al sheba gardens
Emirates Living,Meta,What's your Emirates Living villa worth?,"Emirates Living villa owners: get a confidential, written valuation of your villa within 24 hours from Mark Darsy, Dubai villa specialist with AED 200M+ in transactions. No listing, no obligation.",Get quote,https://dubaipalmresale.com/dubai-villa-valuation/emirates-living/,"Ages 35+, people living in or near Emirates Living, interests: luxury real estate, Dubai property; exclude real estate agents"
Emirates Living,Google Search,Emirates Living | Free Villa Valuation | Written Value in 24 Hours,Own a villa in Emirates Living? Get a confidential written valuation. | AED 200M+ in transactions. Request yours on WhatsApp today.,Request valuation,https://dubaipalmresale.com/dubai-villa-valuation/emirates-living/,Keywords: sell villa emirates living; emirates living villa valuation; emirates living villa price; how much is my villa worth emirates living
Dubai Hills Estate,Meta,What's your Dubai Hills Estate villa worth?,"Dubai Hills Estate villa owners: get a confidential, written valuation of your villa within 24 hours from Mark Darsy, Dubai villa specialist with AED 200M+ in transactions. No listing, no obligation.",Get quote,https://dubaipalmresale.com/dubai-villa-valuation/dubai-hills-estate/,"Ages 35+, people living in or near Dubai Hills Estate, interests: luxury real estate, Dubai property; exclude real estate agents"
Dubai Hills Estate,Google Search,Dubai Hills Estate | Free Villa Valuation | Written Value in 24 Hours,Own a villa in Dubai Hills Estate? Get a confidential written valuation. | AED 200M+ in transactions. Request yours on WhatsApp today.,Request valuation,https://dubaipalmresale.com/dubai-villa-valuation/dubai-hills-estate/,Keywords: sell villa dubai hills estate; dubai hills estate villa valuation; dubai hills estate villa price; how much is my villa worth dubai hills estate
Sobha Hartland,Meta,What's your Sobha Hartland villa worth?,"Sobha Hartland villa owners: get a confidential, written valuation of your villa within 24 hours from Mark Darsy, Dubai villa specialist with AED 200M+ in transactions. No listing, no obligation.",Get quote,https://dubaipalmresale.com/dubai-villa-valuation/sobha-hartland/,"Ages 35+, people living in or near Sobha Hartland, interests: luxury real estate, Dubai property; exclude real estate agents"
Sobha Hartland,Google Search,Sobha Hartland | Free Villa Valuation | Written Value in 24 Hours,Own a villa in Sobha Hartland? Get a confidential written valuation. | AED 200M+ in transactions. Request yours on WhatsApp today.,Request valuation,https://dubaipalmresale.com/dubai-villa-valuation/sobha-hartland/,Keywords: sell villa sobha hartland; sobha hartland villa valuation; sobha hartland villa price; how much is my villa worth sobha hartland
The Oasis,Meta,What's your The Oasis villa worth?,"The Oasis villa owners: get a confidential, written valuation of your villa within 24 hours from Mark Darsy, Dubai villa specialist with AED 200M+ in transactions. No listing, no obligation.",Get quote,https://dubaipalmresale.com/dubai-villa-valuation/the-oasis/,"Ages 35+, people living in or near The Oasis, interests: luxury real estate, Dubai property; exclude real estate agents"
The Oasis,Google Search,The Oasis | Free Villa Valuation | Written Value in 24 Hours,Own a villa in The Oasis? Get a confidential written valuation. | AED 200M+ in transactions. Request yours on WhatsApp today.,Request valuation,https://dubaipalmresale.com/dubai-villa-valuation/the-oasis/,Keywords: sell villa the oasis; the oasis villa valuation; the oasis villa price; how much is my villa worth the oasis
Arabian Ranches,Meta,What's your Arabian Ranches villa worth?,"Arabian Ranches villa owners: get a confidential, written valuation of your villa within 24 hours from Mark Darsy, Dubai villa specialist with AED 200M+ in transactions. No listing, no obligation.",Get quote,https://dubaipalmresale.com/dubai-villa-valuation/arabian-ranches/,"Ages 35+, people living in or near Arabian Ranches, interests: luxury real estate, Dubai property; exclude real estate agents"
Arabian Ranches,Google Search,Arabian Ranches | Free Villa Valuation | Written Value in 24 Hours,Own a villa in Arabian Ranches? Get a confidential written valuation. | AED 200M+ in transactions. Request yours on WhatsApp today.,Request valuation,https://dubaipalmresale.com/dubai-villa-valuation/arabian-ranches/,Keywords: sell villa arabian ranches; arabian ranches villa valuation; arabian ranches villa price; how much is my villa worth arabian ranches
Damac Lagoons,Meta,What's your Damac Lagoons villa worth?,"Damac Lagoons villa owners: get a confidential, written valuation of your villa within 24 hours from Mark Darsy, Dubai villa specialist with AED 200M+ in transactions. No listing, no obligation.",Get quote,https://dubaipalmresale.com/dubai-villa-valuation/damac-lagoons/,"Ages 35+, people living in or near Damac Lagoons, interests: luxury real estate, Dubai property; exclude real estate agents"
Damac Lagoons,Google Search,Damac Lagoons | Free Villa Valuation | Written Value in 24 Hours,Own a villa in Damac Lagoons? Get a confidential written valuation. | AED 200M+ in transactions. Request yours on WhatsApp today.,Request valuation,https://dubaipalmresale.com/dubai-villa-valuation/damac-lagoons/,Keywords: sell villa damac lagoons; damac lagoons villa valuation; damac lagoons villa price; how much is my villa worth damac lagoons
Damac Hills,Meta,What's your Damac Hills villa worth?,"Damac Hills villa owners: get a confidential, written valuation of your villa within 24 hours from Mark Darsy, Dubai villa specialist with AED 200M+ in transactions. No listing, no obligation.",Get quote,https://dubaipalmresale.com/dubai-villa-valuation/damac-hills/,"Ages 35+, people living in or near Damac Hills, interests: luxury real estate, Dubai property; exclude real estate agents"
Damac Hills,Google Search,Damac Hills | Free Villa Valuation | Written Value in 24 Hours,Own a villa in Damac Hills? Get a confidential written valuation. | AED 200M+ in transactions. Request yours on WhatsApp today.,Request valuation,https://dubaipalmresale.com/dubai-villa-valuation/damac-hills/,Keywords: sell villa damac hills; damac hills villa valuation; damac hills villa price; how much is my villa worth damac hills
